section,key,value
run,mode,NORMAL
run,rounds,10000000
run,seed,10640509607800
run,price,1.0
run,targetRtp,0.96
overall,totalBet,1.0E7
overall,totalWin,7998083.069947349
overall,rtp,0.7998083069947349
overall,rtpMargin95,0.003623645798970735
overall,variance,34.18057287692174
overall,standardDeviation,5.8464153869633435
overall,averageWin,0.7998083069947349
overall,hits,4443973
overall,hitFrequency,0.4443973
overall,hitOneIn,2.2502386940694734
overall,maxWin,1125.8500000000001
overall,fairPrice,0.8331336531195156
mainGame,baseSpins,10000000
mainGame,rtp,0.4459928729993831
mainGame,winFrequency,0.4399427
mainGame,avgAvalancheSteps,0.6347496
bonusGame,rtp,0.3538154340000088
bonusGame,bonusCount,106169
bonusGame,entryProbability,0.0106169
bonusGame,entryOneIn,94.18945266509056
bonusGame,averageWin,33.325682072922305
bonusGame,medianWin,18.580000000000002
bonusGame,variance,1988.7207667476155
bonusGame,standardDeviation,44.59507558854022
bonusGame,maxWin,1125.66
bonusGame,avgSpins,10.557742843956333
bonusGame,avgRetriggers,0.11154856879126675
bonusGame,avgFinalMultiplier,7.746441993425576
bonusGame,maxFinalMultiplier,34
bonusGame,regularCount,96185
bonusGame,regularOneIn,103.96631491396788
bonusGame,regularAverageWin,25.869428289234197
bonusGame,regularMedianWin,16.240000000000002
bonusGame,superCount,9984
bonusGame,superOneIn,1001.6025641025641
bonusGame,superAverageWin,105.15859174679466
bonusGame,superMedianWin,84.94500000000001
bonusGame,superAvgStickyWildsAtEnd,0.641426282051282
winDistribution,0x,0.5556027
winDistribution,0-1x,0.2937739
winDistribution,1-5x,0.1304975
winDistribution,5-20x,0.0148087
winDistribution,20-100x,0.004605
winDistribution,100-1000x,7.12E-4
winDistribution,1000x+,2.0E-7
config,reel1.BLACK_DIAMOND,4.0
config,reel1.DIAMOND,6.0
config,reel1.RUBY,8.0
config,reel1.OPAL,10.0
config,reel1.SAPPHIRE,15.0
config,reel1.EMERALD,16.0
config,reel1.TOPAZ,16.0
config,reel1.QUARTZ,17.0
config,reel1.WILD,0.0
config,reel1.SCATTER,2.5
config,reel2to5.BLACK_DIAMOND,4.0
config,reel2to5.DIAMOND,6.0
config,reel2to5.RUBY,8.0
config,reel2to5.OPAL,10.0
config,reel2to5.SAPPHIRE,14.0
config,reel2to5.EMERALD,15.0
config,reel2to5.TOPAZ,16.0
config,reel2to5.QUARTZ,17.0
config,reel2to5.WILD,5.0
config,reel2to5.SCATTER,2.5
config,paytable.BLACK_DIAMOND.3,0.5
config,paytable.BLACK_DIAMOND.4,1.5
config,paytable.BLACK_DIAMOND.5,5.0
config,paytable.DIAMOND.3,0.4
config,paytable.DIAMOND.4,1.0
config,paytable.DIAMOND.5,3.0
config,paytable.RUBY.3,0.3
config,paytable.RUBY.4,0.75
config,paytable.RUBY.5,2.0
config,paytable.OPAL.3,0.25
config,paytable.OPAL.4,0.5
config,paytable.OPAL.5,1.4
config,paytable.SAPPHIRE.3,0.1
config,paytable.SAPPHIRE.4,0.25
config,paytable.SAPPHIRE.5,0.65
config,paytable.EMERALD.3,0.09
config,paytable.EMERALD.4,0.2
config,paytable.EMERALD.5,0.6
config,paytable.TOPAZ.3,0.07
config,paytable.TOPAZ.4,0.15
config,paytable.TOPAZ.5,0.5
config,paytable.QUARTZ.3,0.05
config,paytable.QUARTZ.4,0.1
config,paytable.QUARTZ.5,0.3
